{
    "qdamp": 1.58868095e-02,
    "qbroad": 1.07333909e-02,
    "rmin": 1.0,
    "rmax": 30.0,
    "rstep": 0.01
}
